id	category	text	image	option_1	option_2	option_3	option_4	option_5	answer	explanation	term_ids
1	法令	法別表第1に掲げる第4類の危険物の品名に該当しないものはどれか。	-	特殊引火物	第1石油類	アルコール類	アルキルアルミニウム	第4石油類	4	アルキルアルミニウムは「第3類（自然発火性物質及び禁水性物質）」の危険物です。第4類は「引火性液体」であり、特殊引火物、第1～4石油類、アルコール類、動植物油類が該当します。（法 別表第一）	"K150, K147"
2	法令	法令上、予防規程に関する説明として、最も適切なものはどれか。	-	保安監督者の責務のみを定めた規程	製造所等の点検についてのみ定めた規程	火災を予防するため保安に関し必要な事項を定めた規程	保安統括管理者の責務を定めた規程	危険物の危険性をまとめた規程	3	予防規程は、製造所等の火災を予防するため、保安に関し必要な事項（組織、巡視、点検、運転操作など）を定めたもので、市町村長等の認可が必要です。（法 第14条の2、規則 第60条の2）	"K017, K078"
3	法令	品名の異なる危険物A、B、Cを同一場所で貯蔵する場合の指定数量の倍数を求める計算式として、正しいものはどれか。	-	(A貯蔵+B貯蔵+C貯蔵)/(A指定+B指定+C指定)	(A貯蔵*B貯蔵*C貯蔵)/(A指定*B指定*C指定)	(A指定/A貯蔵)+(B指定/B貯蔵)+(C指定/C貯蔵)	(A貯蔵/A指定)+(B貯蔵/B指定)+(C貯蔵/C指定)	(A貯蔵/A指定)*(B貯蔵/B指定)*(C貯蔵/C指定)	4	異なる危険物を同一場所で貯蔵する場合、それぞれの数量をその指定数量で除し、その商の和が1以上となるときに指定数量以上とみなします。（法 第10条第2項）	"K086, K029"
4	法令	法令上、建築物等から保安距離を保たなければならない施設の組合せで、正しいものはどれか。	-	製造所・屋外タンク貯蔵所	屋内タンク貯蔵所・地下タンク貯蔵所	地下タンク貯蔵所・給油取扱所	移動タンク貯蔵所・第2種販売取扱所	製造所・第1種販売取扱所	1	保安距離が必要な施設は「製造所」「屋内貯蔵所」「屋外貯蔵所」「屋外タンク貯蔵所」「一般取扱所」の5つです。地下タンク、簡易タンク、移動タンク、給油取扱所、販売取扱所、移送取扱所には保安距離の規定はありません。（政令 第9条他）	"K026, K169, K076"
5	法令	法令上、第5種の消火設備のうち、すべての種類の危険物の消火に適応するものはどれか。	-	粉末消火器	霧状の強化液消火器	泡消火器	膨張真珠岩	ハロゲン化物消火器	4	第5種消火設備（簡易消火用具）のうち、「膨張真珠岩」や「乾燥砂」は、第1類から第6類まですべての危険物の消火に適応します。（政令 別表第五）	"K151, K016, K164"
6	法令	製造所の位置、構造及び設備の基準について、法令上「誤っている」ものはどれか。	-	漏れ、あふれ又は飛散を防止する構造とする	温度の変化が起る設備には温度測定装置を設ける	加熱又は乾燥する設備はすべて直火を用いる構造とする	圧力上昇の恐れがある設備には安全装置を設ける	静電気を有効に除去する装置を設ける	3	加熱又は乾燥する設備は、直火を用いない構造としなければなりません。ただし、安全な場所に設ける場合などは例外があります。（政令 第9条第1項第14号）	"K170, K037"
7	法令	製造所の設置等について、法令上「誤っている」ものはどれか。	-	保有空地を変更するときは市町村長等の許可が必要	完成検査済証を交付される前でも工事が終了すれば使用できる	構造を変更するときは市町村長等の許可が必要	完成検査済証を交付された後でなければ使用できない	申請には図面その他規則で定める書類を添付する	2	製造所等は、完成検査を受け、技術基準に適合していると認められた後（完成検査済証の交付後）でなければ使用できません。ただし、仮使用の承認を受けた場合は例外です。（法 第11条第5項）	"K062, K022, K058"
8	法令	市町村長等が製造所等の使用停止を命ずることができる事由に該当しないものはどれか。	-	予防規程を定めていないとき	危険物保安監督者を定めていないとき	自衛消防組織を置いていないとき	危険物施設保安員を定めていないとき	許可なく位置・構造・設備を変更したとき	4	危険物施設保安員を定めていないことは、使用停止命令の要件に含まれていません。他の選択肢はすべて使用停止命令の対象となり得ます。（法 第12条の2、第14条の3の2等）	"K021, K045"
9	法令	法令に定める定期点検の点検記録に記載しなければならない事項として、定められていないものはどれか。	-	点検をした製造所等の名称	点検の方法及び結果	点検年月日	点検に立ち会った危険物取扱者の氏名	点検を実施した日を市町村長等へ報告した年月日	5	点検記録の記載事項は「製造所等の名称」「方法及び結果」「点検年月日」「点検者・立会者の氏名」です。報告年月日は含まれません。また、定期点検結果の報告義務はありません（特定の場合を除く）。（規則 第62条の7）	"K066, K122"
10	法令	免状の書換え又は再交付に係る申請先の組合せとして、正しいものはどれか。	-	書換：居住地知事のみ／再交付：居住地知事のみ	書換：交付知事のみ／再交付：居住地知事のみ	書換：居住地・勤務地知事／再交付：交付・書換知事・居住地知事	書換：交付・居住地・勤務地知事／再交付：交付・書換知事	書換：交付・居住地知事／再交付：勤務地・交付知事	4	書換え申請は「交付した知事」または「居住地・勤務地の知事」に行えます。再交付申請は「交付した知事」または「書換えをした知事」にしか行えません。（令 第34条、第35条）	"K043, K098, K034"
11	法令	危険物保安監督者を定めなければならない製造所等に該当するものはどれか。	-	倍数30の屋外貯蔵所	倍数30超の危険物を容器に詰め替える一般取扱所	倍数30超の移動タンク貯蔵所	倍数30超の引火点40℃以上の販売取扱所	倍数30超の引火点40℃以上の屋内タンク貯蔵所	2	一般取扱所（指定数量の倍数が30を超えるもの等）は保安監督者の選任が必要です。移動タンク貯蔵所は選任不要です。（法 第13条、政令 第31条の2）	"K041, K191, K013"
12	法令	移動タンク貯蔵所による貯蔵、取扱い及び移送について、誤っているものはどれか。	-	完成検査済証を備え付けておかなければならない	危険等級IIIを移送する場合のみ取扱者の乗車が必要である	取扱者は免状を携帯していなければならない	引火点40℃未満の注入時は原動機を停止させなければならない	消防吏員から提示を求められたら提示しなければならない	2	危険物を移送する場合は、危険等級に関わらず、当該危険物を取り扱える危険物取扱者の乗車が必要です。（法 第16条の2）	"K132, K133, K015"
13	法令	保安に関する検査（保安検査）の対象となる製造所等の組合せとして、正しいものはどれか。	-	地下タンク・給油取扱所	屋外タンク貯蔵所・移送取扱所	地下タンク・屋外タンク貯蔵所	製造所・給油取扱所	製造所・移送取扱所	2	保安検査の対象は「屋外タンク貯蔵所（1万kL以上等）」と「移送取扱所」です。（法 第14条の3、政令 第8条の4）	"K024, K129, K134"
14	法令	運搬容器の外部に表示する注意事項として、正しいものはどれか。	-	第2類：衝撃注意	第3類：火気・衝撃注意	第4類：火気厳禁	第5類：取扱注意	第6類：火気注意	3	第4類危険物の注意事項は「火気厳禁」です。第2類（引火性固体）は「火気厳禁」、第5類は「火気厳禁・衝撃注意」などと定められています。（規則 第44条）	"K186, K115, K121"
15	法令	顧客に自ら給油等をさせる給油取扱所で、灯油の顧客用固定注油設備に施す彩色はどれか。	-	赤色	青色	白色	黄色	緑色	2	セルフスタンドのノズル等の色は、灯油＝青、軽油＝緑、ハイオク＝黄、レギュラー＝赤と決められています。（規則 第28条の2の5）	"K008, K012, K155"
36	法令	製造所等の設置又は変更の許可を取り消される事由に該当するものはどれか。	-	定期点検を行わなかったとき	保安講習を受けなかったとき	完成検査を受ける前に使用したとき	免状を携帯していなかったとき	標識を設置していなかったとき	3	許可の取消し事由には「無許可変更」「完成検査前使用」「措置命令違反」などがあります。（法 第12条の2）	"K175, K063"
37	法令	火気厳禁の掲示板の配色として、正しいものはどれか。	-	白地に黒文字	赤地に白文字	青地に白文字	黄地に黒文字	黒地に黄文字	2	「火気厳禁」および「火気注意」の掲示板は、赤地に白文字と定められています。（規則 第18条）	"K093, K121"
38	法令	屋外タンク貯蔵所の防油堤の容量は、タンク容量の何%以上必要か。	-	50%以上	100%以上	110%以上	120%以上	200%以上	3	防油堤の容量は、タンク容量の110％以上必要です。（政令 第22条第2項）	"K196, K076"
39	法令	第4類危険物のうち、特殊引火物の指定数量はいくらか。	-	50L	100L	200L	400L	1000L	1	特殊引火物は最も危険性が高く、指定数量は50Lです。（政令 別表第三）	"K084, K130"
40	法令	移動タンク貯蔵所の標識のサイズとして、正しいものはどれか。	-	0.3m平方	0.3m以上0.4m以下の平方	0.6m×0.3m	0.4m平方	1.0m平方	2	移動タンク貯蔵所（車両）に掲げる「危」の標識は、0.3m平方以上0.4m平方以下の地が黒色の板に黄色の反射塗料等で表示します。（規則 第17条）	"K132, K103"
41	法令	製造所の「標識」の配色として、正しいものはどれか。	-	白地に黒文字	黒地に白文字	赤地に白文字	白地に赤文字	黄地に黒文字	1	製造所等であることを示す標識は、地を白色、文字を黒色とします。（規則 第17条）	"K104, K169"
42	法令	保安監督者を選任した際、市町村長等に届け出る時期はいつか。	-	10日前まで	遅滞なく	あらかじめ	30日以内	事後でよい	2	危険物保安監督者の選任・解任は、遅滞なく（速やかに）届け出なければなりません。（法 第13条）	"K041, K190, K183"
43	法令	保安監督者になるために必要な実務経験の期間はどれか。	-	3ヶ月以上	6ヶ月以上	1年以上	2年以上	3年以上	2	危険物保安監督者になるには、甲種または乙種の免状と、6ヶ月以上の実務経験が必要です。（法 第13条）	"K041, K068"
44	法令	地下タンク貯蔵所の漏洩検査管の設置数として、正しいものはどれか。	-	1箇所以上	2箇所以上	3箇所以上	4箇所以上	6箇所以上	4	地下タンク貯蔵所には、漏えいを検知する管を4箇以上設ける必要があります。（規則 第24条の2）	"K053, K120"
45	法令	自衛消防組織を置かなければならない事業所の倍数はいくつか。	-	1000倍以上	2000倍以上	3000倍以上	12万倍以上	20万倍以上	3	第4類危険物を取り扱う事業所（移送取扱所を除く）で、最大数量が指定数量の3000倍以上の場合、自衛消防組織の設置義務があります。なお、12万倍以上になると化学消防車等の台数が増加します。（法第14条の4、政令第38条）	"K166, K086"
46	法令	市町村長等が、所有者等に対し設備の改修を命じることを何というか。	-	改修命令	停止命令	取消命令	改善命令	是正命令	1	製造所等の位置、構造、設備が技術基準に適合していない場合、市町村長等は修理・改造・移転（改修）を命じることができます。（法 第12条第2項）	"K091, K055"
47	法令	品名、数量、倍数を変更する場合の届出先はどこか。	-	消防長	市町村長等	知事	総務大臣	警察署長	2	品名、数量又は指定数量の倍数の変更届出は、市町村長等に行います。（法 第11条の4）	"K057, K077"
48	法令	第4類危険物のうち、第2石油類（非水溶性）の指定数量はいくらか。	-	200L	400L	1000L	2000L	4000L	3	第2石油類の非水溶性は1000L、水溶性は2000Lです。（政令 別表第三）	"K084, K143"
49	法令	運搬容器の表示事項に含まれないものはどれか。	-	品名	危険等級	数量	製造業者名	注意事項	4	運搬容器への表示事項は、品名、危険等級、化学名、数量、注意事項などです。製造業者名の表示義務はありません。（規則 第44条）	"K186, K167"
50	法令	第4類危険物の運搬容器の充填率（液体）として、正しいものはどれか。	-	90%以下	95%以下	98%以下	99%以下	制限なし	3	液体の危険物は、容器の容積の98％以下で収納し、かつ55℃でも漏れない空間を残す必要があります。（規則 第43条の2）	"K186, K047"
51	法令	運搬時の積み重ねの高さ制限は何m以下か。	-	1.5m以下	2m以下	3m以下	4m以下	制限なし	3	運搬容器を積み重ねる場合の高さは、原則として3m以下とされています。（規則 第43条の4）	"K184, K136, K004"
52	法令	ガソリンの給油ノズルの色として、正しいものはどれか。	-	赤色	青色	緑色	黄色	オレンジ色	1	セルフスタンドのレギュラーガソリンのノズルは「赤色」です。（規則 第28条の2の5）	"K155, K012"
53	法令	給油取扱所の塀の高さは、最低何m必要か。	-	1.5m	1.8m	2.0m	2.5m	3.0m	3	給油取扱所の周囲には、高さ2m以上の耐火構造等の塀又は壁を設けなければなりません。（規則 第25条の4の2）	"K155, K056, K002"
54	法令	完成検査済証を再交付した際に、旧証を発見した場合の返納期限は。	-	7日以内	10日以内	14日以内	30日以内	返納不要	2	亡失した完成検査済証を発見した場合は、10日以内に提出（返納）しなければなりません。（政令 第8条）	"K065, K181, K019"
55	法令	保安講習を期限内に受けなかった場合、知事ができる処分はどれか。	-	過料の徴収	禁錮刑	免状の返納命令	許可の取消し	罰金刑	3	保安講習の受講義務違反や法令違反があった場合、都道府県知事は免状の返納を命じることができます。（法 第13条の2）	"K025, K031"
56	法令	第4類危険物と混載して運搬できる類別はどれか。	-	第1類・第6類	第2類・第3類・第5類	第1類のみ	第6類のみ	混載不可	2	第4類と混載できるのは、第2類、第3類、第5類です。1類（酸化性固体）と6類（酸化性液体）は混載禁止です。（規則 第46条）	"K184, K118"
57	法令	顧客用固定給油設備のホース長3m超4m以下の場合の道路境界線までの距離は。	-	2m以上	4m以上	5m以上	6m以上	規定なし	3	セルフスタンドの固定給油設備（ホース機器）は、ホース長さに応じて道路境界線から距離を保つ必要があり、3m超4m以下の場合は5m以上です。（規則 第25条の2）	"K155, K026"
58	法令	予防規程を変更したときの手続きはどれか。	-	市町村長等の認可	市町村長等への届出	知事の許可	知事への届出	消防署長への報告	1	予防規程を制定・変更したときは、市町村長等の「認可」が必要です。届出ではありません。（法 第14条の2）	"K017, K078"
59	法令	移動タンク貯蔵所の「間仕切」は何Lごとに設置するか。	-	2000Lごと	3000Lごと	4000Lごと	5000Lごと	制限なし	3	移動タンク貯蔵所（タンクローリー）のタンクは、4000L以下ごとに間仕切を設けなければなりません。（政令 第15条）	"K132, K195, K009"
60	法令	第1種消火設備とはどれか。	-	スプリンクラー	消火器	屋内・屋外消火栓	水バケツ	二酸化炭素消火設備	3	第1種は消火栓設備、第2種はスプリンクラー、第3種は泡・二酸化炭素等、第4種は大型消火器、第5種は小型消火器等です。（政令 第20条）	"K117, K141, K073"
61	法令	第4類危険物火災に適応しない消火方法はどれか。	-	泡による消火	粉末による消火	二酸化炭素による消火	棒状の水による消火	霧状の水による消火	4	第4類（引火性液体）の火災に「棒状の水」をかけると、油が浮いて火災が広がるため適応しません。（政令 別表第五）	"K117, K188, K150"
62	法令	仮使用の承認を受けるための条件はどれか。	-	一部の工事完了後にその部分を使用するとき	所有者が不在のとき	災害時のみ	定期点検中	承認は不要	1	変更工事中に、工事以外の部分を使用したい場合、市町村長等の承認（仮使用承認）を受けることで使用できます。（法 第11条第5項）	"K020, K059"
63	法令	免状を紛失した際に申請する手続きはどれか。	-	書換え	再交付	返納	再発行	新規交付	2	免状の亡失・滅失・汚損・破損の場合は「再交付」申請です。写真や本籍の変更は「書換え」申請です。（令 第35条）	"K043, K034, K019"
64	法令	セルフスタンドでガソリンを1回に給油できる量の上限は。	-	20L	50L	100L	200L	無制限	3	顧客用固定給油設備によるガソリンの1回の給油量上限は100Lまでと定められています。（規則 第28条の2の5）	"K008, K006, K157"
65	法令	保安統括管理者の選任・解任の届出先はどこか。	-	知事	市町村長等	消防長	警察署長	総務大臣	2	保安統括管理者、保安監督者の選任・解任は、いずれも市町村長等に届けます。（法 第12条の7）	"K042, K071, K077"
66	法令	第4類危険物のうち、第3石油類（非水溶性）の指定数量はいくらか。	-	1000L	2000L	4000L	6000L	10000L	2	第3石油類の非水溶性は2000L、水溶性は4000Lです。（政令 別表第三）	"K084, K146"
67	法令	製造所の「排出設備」の排出場所の高さは地上から何m以上か。	-	2m以上	3m以上	4m以上	5m以上	10m以上	1	可燃性蒸気を排出する設備の排出口は、地上2m以上の高さに設ける必要があります。（規則 第16条）	"K169, K089, K050, K002"
68	法令	製造所等において避雷針が必要となるのは、倍数がいくつのときか。	-	10倍以上	30倍以上	50倍以上	100倍以上	全施設	1	指定数量の倍数が10以上の製造所等には、避雷設備を設けなければなりません。（政令 第9条他）	"K192, K086"
69	法令	屋外タンク貯蔵所の防油堤の高さの下限はいくらか。	-	0.3m以上	0.5m以上	1.0m以上	1.5m以上	2.0m以上	2	防油堤の高さは0.5m以上と定められています。（規則 第22条）	"K076, K197, K001"
70	法令	移動タンクの注入ホースの先端に備えるべきものはどれか。	-	シャットオフバルブ	アース線	結合型金具	噴霧ノズル	温度計	3	移動タンクから地下タンク等へ注入するホースの先端には、誤接続や漏えいを防ぐための結合金具を備える必要があります。（政令 第15条）	"K132, K112, K153"
71	法令	製造所等における標識のサイズはいくらか。	-	0.3m×0.6m以上	0.4m×0.4m以上	0.6m×1.2m以上	1.0m×2.0m以上	0.1m×0.3m以上	1	製造所等の標識は、幅0.3m以上、長さ0.6m以上と定められています。（規則 第17条）	"K103, K169"
72	法令	特定屋外タンク貯蔵所の容量基準はどれか。	-	500kL以上	1000kL以上	5000kL以上	10000kL以上	全容量	2	容量が1000kL以上のタンクは「特定屋外タンク貯蔵所」として、厳しい構造基準や検査が義務付けられています。（政令 第8条の2の3）	"K129, K011"
73	法令	保安監督者を選任した際の手続きとして正しいものはどれか。	-	消防署長に届け出る	市町村長等に届け出る	知事の認可を受ける	届出は不要	警察署に連絡する	2	保安監督者を選任したら、遅滞なく市町村長等に届け出なければなりません。（法 第13条）	"K041, K190, K183"
74	法令	第4類危険物の指定数量のうち、最も多い数値はどれか。	-	2000L	4000L	6000L	10000L	20000L	4	第4類の中で最も指定数量が多いのは「動植物油類」の10000Lです。（政令 別表第三）	"K084, K038"
75	法令	販売取扱所（第2種）が貯蔵できる倍数はいくつまでか。	-	15倍まで	15倍超40倍以下	40倍超	50倍まで	制限なし	2	第1種は15倍以下、第2種は15倍を超え40倍以下の販売取扱所です。（政令 第3条）	"K179, K086, K145"
76	法令	製造所の保有空地に物品を置くことは認められるか。	-	認められる	認められない	消防署長の許可があればよい	一時的ならよい	知事の許可があればよい	2	保有空地は、火災時の延焼防止や消防活動のために空けておく場所であり、物品を置くことは禁止されています。（消防法の趣旨）	"K027, K131"
77	法令	保安監督者が旅行等で不在にする際に指定する者は何か。	-	保安員	代行者	代理者	補助者	責任者	3	保安監督者が職務を行えないときは、あらかじめ「職務代行者（代理者）」を指定しておく必要があります。（規則 第60条の2）	"K041, K163"
78	法令	移動タンク貯蔵所に備え付ける書類として誤っているものは。	-	完成検査済証	譲渡届出書	定期点検記録簿	移動タンク貯蔵所構造設備明細書	免状	2	移動タンクには、完成検査済証、定期点検記録、譲渡引渡届出書等の備え付けが必要ですが、運転者が免状を携帯するため、車両への備え付け書類としては「譲渡届出書」が含まれます（譲渡された場合）。解説修正：完成検査済証、定期点検記録、譲渡引渡届出書、品名数量変更届出書は備え付け必須です。	"K132, K030"
79	法令	製造所の窓のガラスはどのようなものにする必要があるか。	-	強化ガラス	合わせガラス	網入りガラス	すりガラス	透明ガラス	3	延焼のおそれのある外壁の窓や出入口にガラスを用いる場合は、防火設備としての「網入りガラス」としなければなりません。（政令 第9条）	"K169, K137, K158"
80	法令	第4石油類に該当する物品の例はどれか。	-	ガソリン	重油	ギヤー油	アセトン	灯油	3	第4石油類には、ギヤー油、シリンダー油などが該当します。（法 別表第一）	"K148, K051"
81	法令	危険等級IIに該当する第4類危険物はどれか。	-	特殊引火物	第1石油類・アルコール類	第2・第3石油類	第4石油類	全品目	2	第4類のうち、特殊引火物は等級I、第1石油類・アルコール類は等級II、その他は等級IIIです。（規則 危険等級の分類）	"K046, K140, K005"
82	法令	第3石油類（水溶性）の指定数量はいくらか。	-	2000L	4000L	6000L	10000L	20000L	2	第3石油類の非水溶性は2000L、水溶性は4000Lです。（政令 別表第三）	"K084, K146"
83	法令	製造所等の設置・変更許可の申請手数料を納める相手は。	-	知事	市町村長等（市町村）	警察署	消防署	総務大臣	2	手数料は、許可権者である市町村等（地方自治体）に納めます。（法 第16条の4）	"K083, K077"
84	法令	定期点検の点検資格者に含まれないのはどれか。	-	甲種危険物取扱者	乙種危険物取扱者	丙種危険物取扱者	施設保安員	消防長	5	定期点検は、危険物取扱者（甲・乙）または危険物施設保安員が行うことができます。丙種は含まれません。消防長は監督官庁であり点検者ではありません。（法 第14条の3の2）	"K066, K123"
85	法令	移動タンクのマンホールの蓋の厚さは何mm以上か。	-	1.6mm以上	3.2mm以上	4.5mm以上	6.0mm以上	9.0mm以上	2	マンホール及び注入口のふたは、厚さ3.2mm以上の鋼板で造る必要があります。（規則 第24条の5）	"K132, K194, K003"
86	法令	法令上、製造所等に警報設備を設置しなければならない指定数量の倍数の基準はどれか。	-	5倍以上	10倍以上	20倍以上	50倍以上	100倍以上	2	指定数量の倍数が10以上の製造所等（移動タンク貯蔵所などを除く）には、火災報知設備その他の警報設備を設けなければなりません。（政令 第21条）	"K177, K173, K086"
87	法令	第1種販売取扱所において取り扱うことができる危険物の数量（指定数量の倍数）の上限はいくらか。	-	10倍以下	15倍以下	20倍以下	40倍以下	制限なし	2	販売取扱所には2種類あり、第1種は倍数15以下、第2種は倍数15を超え40以下です。（政令 第3条）	"K179, K086, K142"
88	法令	法令上、販売取扱所の構造及び設備について、誤っているものはどれか。	-	店舗は建築物の1階に設置しなければならない	危険物を配合する室を設ける場合は、壁・床などを耐火構造としなければならない	第1種販売取扱所は、延焼のおそれのある外壁を出入口以外の開口部を有しない耐火構造の壁としなければならない	第2種販売取扱所には、必ず保安監督者を選任しなければならない	適当な傾斜をつけた床を設けなければならない	4	販売取扱所において危険物保安監督者の選任が必要なのは、第2種販売取扱所のうち「引火点が40℃以上の第4類」以外の危険物（例えばガソリン等）を取り扱う場合等に限られます。すべての第2種で必須というわけではありません。（政令 第31条の2）	"K179, K081, K041"
89	法令	製造所等の位置、構造又は設備が技術基準に適合していない場合、市町村長等が発令できる命令はどれか。	-	使用停止命令	許可の取消し	修理・改造・移転の命令（措置命令）	危険物の除去命令	緊急使用停止命令	3	技術基準不適合の場合は、基準に合うように「修理、改造、移転」を命ずることができます（措置命令）。これに従わない場合に許可取消し等の対象となります。（法 第12条第2項）	"K091, K187"
90	法令	法令上、給油取扱所において「給油」と「灯油の詰め替え」を兼務して行うことができる設備はどれか。	-	固定給油設備	固定注油設備	簡易タンク	移動タンク貯蔵所	ドラム缶	1	規則上、固定給油設備（ガソリン等）を用いて灯油の詰め替えを行うことは禁止されていませんが、誤給油防止措置などが必要です。通常、自動車への給油は「固定給油設備」、容器への詰め替えは「固定注油設備」で行います。（規則 第25条の2他）	"K155, K052"
91	法令	法令上、危険物の運搬において、積載する危険物の性状に応じた「被覆」等の措置について誤っているものはどれか。	-	第1類（過酸化物等）は、直射日光を避けるための遮光性の被覆を行う	第4類（特殊引火物）は、直射日光を避けるための遮光性の被覆を行う	第5類は、雨水の浸透を防ぐための防水性の被覆を行う	第3類（禁水性物質）は、雨水の浸透を防ぐための防水性の被覆を行う	第2類は、被覆の義務はない	5	第2類（引火性固体など）であっても、運搬時の措置として遮光や防水が必要な場合があります（例えば鉄粉等は防水）。第4類や第1類（一部）、第5類、第6類は遮光性の被覆が必要です。（規則 第46条）	"K185, K168, K189"
92	法令	法令上、移動タンク貯蔵所（タンクローリー）を駐車する場所として、正しいものはどれか。	-	屋外の広場ならどこでもよい	防火塀で囲まれた専用の車庫又は常置場所	道路の路肩	一般の駐車場	ガソリンスタンドの給油空地	2	移動タンク貯蔵所は、屋外にあっては防火上安全な空地、屋内にあっては耐火構造等の壁等で区画された安全な場所（常置場所）に駐車しなければなりません。（政令 第15条）	"K132, K079"
93	法令	定期点検を行わなければならない製造所等として、誤っているものはどれか。	-	地下タンクを有する給油取扱所	移動タンク貯蔵所	地下タンクを有する製造所	指定数量の倍数が5倍の地下タンクのない屋内貯蔵所	移送取扱所	4	定期点検の義務があるのは、地下タンクを有する施設、移動タンク貯蔵所、移送取扱所、および倍数が一定以上（例：屋外タンク貯蔵所200倍以上）の施設などです。小規模な屋内貯蔵所（地下タンクなし）は義務対象外です。（政令 第8条の5）	"K066, K069"
94	法令	法令上、製造所等に設置する「第4種消火設備」に該当するものはどれか。	-	ハロゲン化物消火設備	大型消火器	小型消火器	水バケツ	スプリンクラー	2	第1種～第3種は固定式の設備、第4種は「大型消火器」、第5種は「小型消火器」や水バケツ等です。（政令 第20条）	"K117, K149, K060"
95	法令	法令上、危険物取扱者免状を携帯していなくても、危険物の取扱作業ができる場合はどれか。	-	保安監督者が立ち会っている場合	免状を家に忘れたが写真は持っている場合	免状の再交付申請中の場合	いかなる場合も携帯しなければならない	施設保安員がいる場合	4	危険物取扱者が作業を行う場合、必ず免状を携帯していなければなりません。再交付申請中であっても免状なしでの作業は違反となります。（法 第13条）	"K043, K095"
96	法令	セルフスタンドにおいて、顧客用固定給油設備（ガソリン）の1回の給油量の上限はいくつか。	-	50リットル	100リットル	200リットル	制限なし	タンク満タンまで	2	セルフスタンドにおけるガソリンの1回の給油量上限は「100リットル」まで、時間は「4分」まで等の制限設定が義務付けられています。（規則 第28条の2の5）	"K008, K006, K157"
97	法令	法令上、高層建築物等に設置される屋内給油取扱所において、給油取扱所の直上階の床に求められる構造はどれか。	-	耐火構造	不燃材料	準耐火構造	防火構造	木造	1	上階がある屋内給油取扱所の場合、上階への延焼を防ぐため、直上階の床（給油所の天井）は「耐火構造」としなければなりません。（規則 第25条の10）	"K074, K081, K162"
98	法令	指定数量の倍数の変更の届出は、変更しようとする日の何日前までに行わなければならないか。	-	7日前	10日前	14日前	30日前	前日	2	品名、数量又は指定数量の倍数の変更届出は、変更の「10日前」までに行います。（法 第11条の4）	"K057, K072"
99	法令	法令上、製造所等の位置、構造及び設備の基準の特例として、引火点が100℃以上の第4類危険物のみを取り扱う場合に適用される緩和規定の対象となる危険物の名称は何か。	-	特殊引火物	第1石油類	アルコール類	高引火点危険物	自己反応性物質	4	引火点が100℃以上の第4類危険物を「高引火点危険物」と呼び、これのみを扱う施設には基準の特例（緩和）が適用されます。（政令 第9条第2項等）	"K202, K127"
100	法令	法令上、移動タンク貯蔵所に設置する消火器の能力単位（所要単位に対する割合）として正しいものはどれか。	-	所要単位の5分の1以上	所要単位の3分の1以上	所要単位と同等以上	自動車用消火器を2本以上	能力単位の規定はない	4	移動タンク貯蔵所には、能力単位計算ではなく、「自動車用消火器を2本以上」設置することが義務付けられています。（規則 第35条）	"K132, K117, K165"
101	法令	製造所等の所有者等は、危険物の流出その他の事故が発生したとき、直ちに何をしなければならないか。	-	消防署に報告書を提出する	警察に通報する	応急の措置を講じる	近隣住民に謝罪する	原因を調査する	3	事故発生時は、直ちに「応急の措置」を講じなければなりません。その上で消防署等に通報します。（法 第16条の3）	"K082, K018"
102	法令	法令上、給油取扱所において給油業務を行っていないとき（夜間等）に講ずべき措置として、正しいものはどれか。	-	給油空地を開放しておく	周囲を明るく照明しておく	係員以外の者が出入りできない措置を講ずる	特になし	看板をしまう	3	給油業務を行っていないときは、ロープやチェーンを張るなどして、係員以外の者が出入りできない措置を講じる必要があります。（規則 第40条の3の6の2）	"K155, K023"
103	法令	第1類危険物（酸化性固体）と第6類危険物（酸化性液体）を同一の車両で運搬することは認められるか。	-	認められる	認められない	積載量が指定数量の5分の1以下なら認められる	隔壁を設ければ認められる	許可があれば認められる	1	第1類と第6類は、ともに酸化性であり、反応し合わないため「混載可能」です。第1類と第6類は○。混載禁止の組み合わせ（例：1類と2類）を覚えることが重要です。（規則 第46条）	"K184, K118"
104	法令	法令上、製造所等の設置許可申請において、申請書に添付すべき書類として「不要」なものはどれか。	-	製造所等の位置・構造・設備の図面	危険物取扱者免状の写し	電気設備の概要図	消火設備の設計図	敷地周辺の状況図	2	設置許可申請の段階では、まだ危険物取扱者が選任されていないこともあるため、免状の写しは添付書類に含まれません。（規則 第4条）	"K176, K119"
105	法令	製造所の換気設備において、給気口の設置位置として正しいものはどれか。	-	高い位置	低い位置	屋根の上	地下	どこでもよい	2	第4類危険物の蒸気は空気より重いため、排出設備は低所に吸込口を設けますが、換気設備の「給気口」は、新鮮な空気を入れるため一般に低い位置（または自然換気のため開口部）に設けますが、排出については「高所」へ排出します。（規則 第16条）	"K169, K094, K154"
106	法令	地下貯蔵タンクの「通気管」の先端の高さは、地上何メートル以上と定められているか。	-	1.5m以上	2m以上	3m以上	4m以上	制限なし	4	地下貯蔵タンクの通気管は、先端を地上4m以上の高さにしなければなりません。（規則 第17条）	"K053, K182"
107	法令	法令上、危険物の「指定数量」を定める政令はどれか。	-	危険物の規制に関する政令	消防法施行令	建築基準法施行令	労働安全衛生法施行令	高圧ガス保安法施行令	1	指定数量は「危険物の規制に関する政令」の別表第三で定められています。	"K084, K096"
108	法令	製造所の壁、柱、床、はり、階段を「不燃材料」で作らなければならないのは、どのような場合か。	-	全ての製造所	指定数量の倍数が10以上の製造所	指定数量の倍数が50以上の製造所	延焼のおそれのある外壁がある場合	地下にある場合	1	製造所の建築物は、原則として壁、柱、床、はり、階段を不燃材料で造らなければなりません。（延焼のおそれのある外壁は耐火構造）（政令 第9条）	"K169, K081, K014"
109	法令	法令上、危険物を収納する容器の外部に行う表示事項として、「最大容積」が表示義務となる容器の種類はどれか。	-	すべての容器	金属製ドラム	機械により荷役する構造を有する容器	ガラス製容器	プラスチック製容器	3	フレキシブルコンテナなど、「機械により荷役する構造を有する容器」には、製造年月や最大総重量などの詳細な表示が義務付けられています。（規則 第44条）	"K186, K167, K105"
110	法令	法令上、保安検査の時期（周期）として、原則的な期間はどれか。	-	1年に1回	3年に1回	危険物施設保安員が決める	設置完成後または直近の検査後、規定の時期ごと（約8年〜）	毎月	4	特定屋外タンク貯蔵所等の保安検査は、原則として完成検査等から8年（条件により延長あり）ごとの時期に受ける必要があります。（政令 第8条の4）	"K024, K100"
111	法令	法令上、移動タンク貯蔵所の「接地導線（アース）」の設置が義務付けられていない危険物はどれか。	-	ガソリン	ベンゼン	灯油	軽油	第4類以外の非水溶性危険物	5	静電気による災害発生のおそれのある液体危険物（ガソリン、灯油、軽油、ベンゼン等）の移動タンクには接地導線が必要です。（規則 第24条の4）	"K132, K090, K200"
112	法令	法令上、第4類危険物を取り扱う製造所において、蒸気を外部に排出する設備が必要なのは、どのような蒸気の場合か。	-	有毒な蒸気	可燃性の蒸気	腐食性の蒸気	高温の蒸気	すべての蒸気	2	「可燃性の蒸気」が滞留するおそれのある場所には、それを屋外へ排出する設備が必要です。（政令 第9条）	"K088, K050"
113	法令	製造所等の設置者が、氏名や住所を変更したときに行うべき手続きはどれか。	-	変更許可申請	変更届出	書換え申請	新規許可申請	手続き不要	2	氏名、住所等の変更は、許可事項の変更（位置・構造・設備）ではないため、「変更届出」が必要です。（法 第11条の4）	"K057, K106"
114	法令	法令上、危険物取扱者免状の再交付を受けた後、亡失した免状を発見した場合、何日以内に提出しなければならないか。	-	3日以内	5日以内	7日以内	10日以内	14日以内	4	旧免状を発見した場合は、「10日以内」に再交付を受けた知事に提出しなければなりません。（令 第35条）	"K043, K181, K033"
115	法令	給油取扱所において、固定給油設備のホース機器の周囲に確保すべき「給油空地」は、どのような状態でなければならないか。	-	常に整理整頓されていること	物品を置かず、自動車の出入りを妨げないこと	ロープで囲うこと	屋根を設けないこと	消火器を置くこと	2	給油空地は、給油を受ける自動車が出入りするための空地であり、避難や消防活動の支障となる物品を置いてはなりません。（規則 第27条等）	"K155, K156, K023"
116	法令	地下タンク貯蔵所において、地下貯蔵タンクの頂部は地盤面からどれくらいの深さに設置しなければならないか。	-	0.1m以上	0.3m以上	0.5m以上	0.6m以上	制限なし	4	地下貯蔵タンクの頂部は、地盤面から0.6m（60cm）以上下にその頂部があるように埋設しなければなりません。（政令 第13条）	"K053, K054"
117	法令	地下タンク貯蔵所において、タンク室の壁とタンクとの間隔は最低何m以上保つ必要があるか。	-	0.1m以上	0.3m以上	0.5m以上	1.0m以上	制限なし	1	タンク室に設置する場合、タンクとタンク室の壁との間、およびタンク同士の間には0.1m以上の間隔を保ち、その周囲に乾燥砂をつめる必要があります。（政令 第13条）	"K053, K010, K016"
118	法令	簡易タンク貯蔵所に設置できる簡易貯蔵タンクの数は、最大で何個までか。	-	1個	2個	3個	5個	制限なし	3	簡易タンク貯蔵所には、簡易貯蔵タンクを3個まで設置できます。ただし、同一品質の危険物のタンクは1個に限られます。（政令 第14条）	"K152, K172"
119	法令	簡易タンク貯蔵所の1つのタンクの容量の上限はいくらか。	-	200L	400L	500L	600L	制限なし	4	簡易貯蔵タンクの容量は、600リットル以下と定められています。（政令 第14条）	"K152, K011"
120	法令	法令上、危険物取扱者試験の受験資格として正しいものはどれか。	-	年齢18歳以上の者	高校を卒業した者	実務経験が6ヶ月以上ある者	誰でも受験できる	制限なし	4	危険物取扱者試験には、年齢、学歴、経験などの受験資格制限はありません（甲種を除く）。誰でも受験可能です。（消防法 第13条の3）	"K044, K049"
121	法令	製造所等において、危険物保安統括管理者を解任した際、市町村長等に届け出る期限はいつか。	-	あらかじめ	解任した日から7日以内	解任した日から10日以内	遅滞なく	特になし	4	危険物保安統括管理者および危険物保安監督者の選任・解任は、いずれも「遅滞なく」届け出なければなりません。（消防法 第12条の7）	"K042, K072, K183"
122	法令	危険物を運搬する際、混載（同じ車両に積載）が禁止されている類の組合せはどれか。	-	第1類と第6類	第2類と第4類	第2類と第5類	第3類と第4類	特になし	4	第3類（自然発火性・禁水性）と第4類（引火性液体）の混載は禁止されています。混載可能な組合せ（1-6, 2-4-5, 3-4は不可）を覚える必要があります。（規則 第46条）	"K184, K118"
123	法令	指定数量以上の危険物を車両で運搬する際、設置が義務付けられている消火設備の基準として正しいものは。	-	第5種消火設備を1個以上	自動車用消火器を1個以上（所定の能力単位）	大型消火器を1個以上	消火設備は不要	制限なし	2	指定数量以上の危険物を運搬する車両には、その危険物に適応する自動車用消火器を設置しなければなりません。（規則 第45条）	"K184, K117, K165"
124	法令	製造所等に設置する警報設備として、認められていないものはどれか。	-	自動火災報知設備	消防機関へ通報する電話	非常ベル装置	携帯電話（個人所有）	特になし	4	警報設備として認められるのは、自動火災報知設備、消防機関へ通報する電話、非常ベル装置、拡声装置、警鐘の5種類です。（規則 第37条）	"K177, K135"
125	法令	移動タンク貯蔵所の底弁（緊急遮断装置）が作動しなければならない要件等はどれか。	-	震度5以上の地震を感知したとき	手動レバー操作又はヒューズ可溶（熱）により自動閉鎖するとき	タンクが傾斜したとき	エンジンが停止したとき	特になし	2	底弁は、手動閉鎖装置のレバー操作、または火災等の熱で容易に溶けるヒューズ等の作動により自動的に閉鎖する構造でなければなりません。（規則 第24条の4）	"K132, K080, K160"
126	法令	給油取扱所の窓や出入口にガラスを用いる場合、使用しなければならないガラスの種類は。	-	強化ガラス	合わせガラス	網入りガラス	耐熱ガラス	特になし	3	防火設備として、延焼のおそれのある外壁の開口部には「網入りガラス」の使用が義務付けられています。（政令 第17条）	"K155, K137, K158"
127	法令	法令上、危険物の「品名」として政令で定められていない（指定数量の表に名前がない）ものはどれか。	-	ガソリン	軽油	灯油	ナフサ	特になし	4	「ガソリン」「灯油」「軽油」は品名として記載されていますが、「ナフサ」は記載されていません（第1石油類に分類されますが品名としては扱われません）。（政令 別表第三）	"K040, K084"
128	法令	第4類危険物のうち、水溶性の第2石油類の指定数量はいくらか。	-	1000L	2000L	4000L	6000L	制限なし	2	第2石油類の非水溶性は1000L、水溶性は2000Lです。（政令 別表第三）	"K084, K143"
129	法令	製造所等の定期点検を行うことができる者の組合せとして、正しいものは。	-	危険物保安監督者・危険物施設保安員・危険物取扱者	危険物保安統括管理者・危険物取扱者	危険物施設保安員	甲種危険物取扱者・乙種危険物取扱者のみ	特になし	1	定期点検は、危険物取扱者（甲・乙）、危険物施設保安員、または危険物取扱者の立ち会いを受けた者が行うことができます。（規則 第62条の6）	"K066, K123"
130	法令	給油取扱所において、給油中エンジン停止の掲示板の文字の色は。	-	白	赤	黄	黒	特になし	4	「給油中エンジン停止」の掲示板は、地が黄赤色、文字が黒色です。（規則 第18条）	"K093, K155"
131	法令	市町村長等が、火災予防上必要があると認めるとき、製造所等の所有者等に対して行うことができる措置は。	-	許可の取消し	資料提出命令・立入検査	使用停止命令	免状返納命令	特になし	2	市町村長等は、火災予防のため必要があるときは、資料の提出を命じ、又は消防吏員に立入検査をさせることができます。（消防法 第16条の5）	"K180, K139"
132	法令	移動タンク貯蔵所のタンク本体の鋼板の厚さは、原則として何mm以上か。	-	1.6mm以上	2.3mm以上	3.2mm以上	4.5mm以上	制限なし	3	移動貯蔵タンクの鋼板の厚さは、3.2mm以上でなければなりません。（政令 第15条）	"K132, K194, K003"
133	法令	アルコール類の定義における炭素原子の数は。	-	1個から3個まで	1個から4個まで	2個から5個まで	制限なし	制限なし	1	アルコール類は、1分子を構成する炭素原子の数が1個から3個までの飽和一価アルコール（変性アルコール含む）を指します。（政令 別表第一 備考）	"K005, K067"
134	法令	法令上、免状の再交付を申請できる事由として認められていないものは。	-	亡失したとき	滅失したとき	汚損したとき	破損したとき	写真が古くなったとき	5	写真の書き換え（10年ごと）は「書換え申請」であり、「再交付申請」の事由（亡失・滅失・汚損・破損）ではありません。（政令 第35条）	"K043, K034, K097"
135	法令	製造所等において、危険物取扱者が立ち会う場合、無資格者が取り扱うことができる危険物の種類は。	-	第4類のみ	指定数量未満のみ	甲種または乙種取扱者が免状を持つ類のみ	すべての種類の危険物	特になし	3	甲種取扱者が立ち会う場合は全類、乙種取扱者が立ち会う場合はその乙種免状で扱える類の危険物について、無資格者が取り扱うことができます。（消防法 第13条）	"K138, K126"
136	法令	特定屋外タンク貯蔵所において、地盤や基礎の変更工事を行う際に必要な検査は。	-	完成検査前検査	保安検査	定期点検	予備検査	特になし	1	特定屋外タンク貯蔵所の基礎・地盤の変更工事は、特定事項として「完成検査前検査」を受けなければなりません。（消防法 第11条の2）	"K129, K064"
137	法令	屋内貯蔵所において、容器を積み重ねる場合の高さ制限は、原則として何m以下か。	-	3m以下	4m以下	5m以下	6m以下	制限なし	1	容器を積み重ねる高さは、原則3m以下です（第4類のうち第3・第4石油類等は4m以下）。機械荷役等の特例を除き3mが基本です。（規則 第43条の4）	"K075, K136, K004"
138	法令	法令上、給油取扱所に設けることができる「固定注油設備（灯油・軽油用）」のホース機器の周囲に確保すべき空地の名称は。	-	給油空地	注油空地	保有空地	作業空地	特になし	2	灯油・軽油を容器やタンクへ注入するための設備の周囲には「注油空地」を確保する必要があります。（規則 第25条）	"K155, K116"
139	法令	法令上、製造所の外壁から「高圧ガス施設」に対して保たなければならない保安距離は。	-	10m以上	20m以上	30m以上	50m以上	制限なし	2	高圧ガス・液化石油ガス等の施設からは「20m以上」の保安距離が必要です。（規則 第12条）	"K026, K201"
140	法令	法令上、危険物の運搬において「指定数量の1/10以下」の場合に免除される基準は。	-	容器の基準	積載方法の基準	混載禁止の規定	消火器の設置義務	特になし	3	指定数量の10分の1以下の危険物を運搬する場合、混載禁止の規定は適用されません。（規則 第46条）	"K185, K085, K032"
141	法令	給油取扱所において、専用タンクの注入口付近に表示しなければならない事項は。	-	タンクの製造年月日	タンクの容量	油種	前回の点検日	タンクの材質	3	誤給油を防ぐため、注入口付近には取り扱う危険物の「油種（品名）」を表示し、さらに色分け（ハイオク黄、レギュラー赤、軽油緑、灯油青）等を行う必要があります。（規則 第25条の2）	"K155, K114, K111"
142	法令	危険物取扱者免状の写真の書換えは、交付日から何年以内に行わなければならないか。	-	3年以内	5年以内	10年以内	15年以内	20年以内	3	免状の写真は、10年以内に撮影されたものでなければならないため、10年ごとの書換えが必要です。（規則 第51条）	"K043, K035"
143	法令	移動タンク貯蔵所の「防波板」の設置基準として、正しい板厚は。	-	1.0mm以上	1.6mm以上	2.3mm以上	3.2mm以上	4.0mm以上	2	防波板は、厚さ1.6mm以上の鋼板で造らなければなりません。（規則 第24条）	"K132, K198"
144	法令	法令上、第一種販売取扱所（店舗）を設置できる建築物の階は。	-	1階のみ	2階以下	地階を除く全階	平屋のみ	3階以下	1	第一種販売取扱所は、建築物の「1階」に設置しなければなりません。（規則 第18条）	"K179, K174"
145	法令	製造所等の設置許可申請において、既に工事が完了している場合の申請は。	-	事後許可として認められる	認められない（無許可設置となる）	罰金を払えば認められる	始末書を添付すればよい	仮使用承認があれば認められる	2	許可は「工事着工前」に受けなければならず、工事完了後の事後申請は認められません（無許可設置違反となります）。（消防法 第11条）	"K176, K125"
146	法令	法令上、完成検査前検査を受けなければならない「特定事項」に該当するものはどれか。	-	配管の耐圧試験	タンクの水張試験	電気設備の絶縁抵抗試験	泡消火設備の放射試験	警報設備の作動試験	2	液体危険物タンクの設置や変更工事においては、完成検査の前に「水張試験」又は「水圧試験」を受けなければなりません。（政令 第8条の2）	"K064, K128, K107"
147	法令	自衛消防組織を置かなければならない大規模な事業所の基準として、第4類危険物の最大数量が指定数量の何倍以上とされているか。	-	1000倍以上	2000倍以上	3000倍以上	12万倍以上	20万倍以上	3	第4類危険物を取り扱う事業所（移送取扱所を除く）で、最大数量が指定数量の3000倍以上の場合、自衛消防組織の設置義務があります。なお、12万倍以上になると化学消防車等の台数が増加します。（政令 第38条）	"K166, K086"
148	法令	危険物の運搬容器の外部に行う表示について、「水溶性」の表示が必要なのはどの危険物か。	-	第1類の水溶性危険物	第2類の水溶性危険物	第3類の水溶性危険物	第4類の水溶性危険物	すべての水溶性危険物	4	第4類危険物のうち、水溶性の性状を有するものには「水溶性」と表示しなければなりません。（規則 第44条）	"K186, K167, K108"
149	法令	屋内貯蔵所において、同一品名の危険物のみを貯蔵する場合、容器を積み重ねることができる高さの上限は原則としていくつか。	-	3メートル	4メートル	5メートル	6メートル	制限なし	1	機械荷役を行わない場合、容器の積み重ね高さは原則「3メートル」以下です。（第4類のうち第3・第4石油類等は4メートル）（規則 第43条の4）	"K075, K136, K004"
150	法令	法令上、危険物の「移送」とは何を指すか。	-	トラックによる運搬	船舶による運搬	航空機による運搬	配管（パイプライン）による輸送	構内での小分け作業	4	消防法において「移送」とは、パイプライン（配管及びポンプ等）によって危険物を送ることを指し、これを行う施設を「移送取扱所」といいます。（政令 第3条）	"K134, K067"
151	法令	危険物保安統括管理者を選任した際、遅滞なくその旨を届け出なければならない相手先は。	-	総務大臣	都道府県知事	市町村長等	消防長又は消防署長	警察署長	3	危険物保安統括管理者、危険物保安監督者の選任・解任の届出先は「市町村長等」です。（法 第12条の7）	"K042, K071"
152	法令	給油取扱所において、専用タンクに危険物を注入する際、同時に行うことが禁止されている行為は。	-	洗車作業	事務所での休憩	他の自動車への給油	在庫量の確認	清掃作業	3	移動タンク貯蔵所から専用タンクへ危険物を注入している間は、固定給油設備を使用した給油作業を行ってはなりません（同時作業の禁止）。（規則 第40条の3の3の2等による保安措置）	"K155, K113, K131"
153	法令	セルフスタンドにおいて、顧客用固定給油設備のホース機器が転倒した際、講じられているべき措置は。	-	警報が鳴る	自動的に泡消火剤が放出される	危険物の供給が緊急停止する	自動的に警察に通報される	シャッターが閉まる	3	セルフスタンドの給油設備には、ホース機器が転倒した場合などに、危険物の供給を自動的に停止する構造や装置が必要です。（規則 第25条の2）	"K008, K159, K061"
154	法令	第1種販売取扱所において、危険物を配合する室を設ける場合の基準として正しいものは。	-	床面積は10㎡以上15㎡以下	壁・床・天井を耐火構造とする	出入口に特定防火設備を設ける	窓を設けてはならない	地下に設置する	2	配合室を設ける場合は、床面積6㎡以上10㎡以下とし、壁・床・天井を耐火構造（または不燃材料）とし、かつ適当な傾斜とためますを設ける等の基準があります。（規則 第18条）	"K179, K193, K101"
155	法令	製造所等の位置・構造・設備を無許可で変更した者に対する罰則として、正しいものは。	-	懲役または罰金	拘留または科料	過料のみ	免状の返納命令のみ	厳重注意のみ	1	無許可変更などの重大な違反には、懲役又は罰金刑が科される場合があります。（法 第42条等）	"K161, K125"
156	法令	給油取扱所の「注油空地」とは、何をするための場所か。	-	自動車へガソリンを給油する場所	タンクローリーから専用タンクへ注入する場所	灯油若しくは軽油を容器に詰め替える場所	洗車をする場所	駐車するための場所	3	注油空地は、固定注油設備を用いて、灯油や軽油を容器に詰め替えたり、車両等のタンクへ注入したりするための空地です。（政令 第17条）	"K155, K116"
157	法令	危険物取扱者免状を汚損したため再交付申請をする際、提出しなければならないものは。	-	住民票	戸籍抄本	写真1枚	汚損した免状	始末書	4	汚損又は破損による再交付申請の場合は、その汚損した免状を申請書に添えて提出（返納）しなければなりません。（令 第35条）	"K043, K034, K109"
158	法令	簡易タンク貯蔵所を屋内に設置する場合、専用室の窓に設けるべき設備は。	-	網入りガラス	防火設備（防火戸等）	シャッター	鉄格子	カーテン	2	専用室の窓及び出入口には、防火設備を設けなければなりません。（延焼のおそれのある部分には特定防火設備）（政令 第14条）	"K152, K137, K199"
159	法令	製造所の換気設備の基準として、換気口はどこに設けるべきか。	-	屋根の上	壁の高所	壁の低所	床下	どこでもよい	1	換気設備は、自然排気作用を利用するもので、給気口を低い位置に、排気口（換気口）を「高い位置（屋根等）」に設けます。（規則 第16条）	"K094, K087"
160	法令	定期点検記録の保存期間は原則3年だが、屋外タンク貯蔵所の「内部点検」の記録の保存期間は。	-	5年	10年	15年	26年（または30年）	永久	4	屋外タンクの内部点検記録は、次回点検までの期間が長いため、原則「26年間」（条件により30年間）保存する必要があります。（規則 第62条の8）	"K066, K171"
161	法令	危険物を運搬する際、指定数量の何倍以上で「標識（危）」の掲示と「消火器」の設置義務が生じるか。	-	0.2倍	0.5倍	1倍（指定数量以上）	5倍	10倍	3	指定数量以上の危険物を車両で運搬する場合に、標識と消火器の設置義務が生じます。（消防法 第16条）	"K185, K084, K102"
162	法令	給油取扱所において、給油空地の床面に適当な傾斜をつけ、その周囲に排水溝及び（　　）を設けること。（　）に入る語句は。	-	ためます	油分離装置	地下タンク	集油管	浄化槽	2	漏れた危険物が下水道などに直接流出しないよう、「油分離装置」を設ける必要があります。（政令 第17条）	"K155, K110"
163	法令	第4類危険物のうち、第1石油類（水溶性）に該当する物品は。	-	ガソリン	ベンゼン	トルエン	アセトン	灯油	4	アセトン、ピリジンなどは水溶性の第1石油類です。（政令 別表第三）	"K140, K108"
164	法令	移動タンク貯蔵所の定期点検において、点検すべき項目に含まれないものは。	-	タンク本体の漏洩の有無	安全装置の機能	消火器の設置状況	走行距離の確認	底弁の作動状況	4	定期点検は、当該施設の構造及び設備が技術上の基準に適合しているかを確認するものであり、走行距離の確認は点検項目に含まれません。（規則 別記様式等）	"K066, K124"
165	法令	製造所等の許可の取消し事由に含まれないものは。	-	位置・構造・設備を無許可で変更したとき	完成検査済証の交付前に使用したとき	措置命令に違反したとき	定期点検を実施しなかったとき	保安監督者を選任していなかったとき	4	定期点検の未実施や保安監督者の未選任は、使用停止命令の事由にはなりますが、直ちに「許可の取消し」事由とはされていません。（法 第11条の5等）	"K175, K021"
166	法令	危険物取扱者が保安講習を受けるべき時期について、新たに業務に従事した日から原則何年以内か。	-	1年以内	2年以内	3年以内	6ヶ月以内	直ちに	1	新たに業務に従事する者は、従事した日から1年以内に受講しなければなりません。（過去2年以内に免状交付又は受講している場合を除く）（規則 第58条の14）	"K025, K048"
167	法令	製造所等に設置する「第2種消火設備」とは。	-	屋内消火栓設備	スプリンクラー設備	水蒸気消火設備	大型消火器	小型消火器	2	第2種消火設備は「スプリンクラー設備」です。（政令 第20条）	"K117, K144, K007"
168	法令	法令上、危険物の品名として「動植物油類」に分類されるものは。	-	ガソリン	アマニ油	重油	クレオソート油	二硫化炭素	2	アマニ油、ヤシ油などは動植物油類です。クレオソート油は第3石油類です。（政令 別表第三）	"K038, K039"
169	法令	危険物施設保安員を選任しなければならない「一般取扱所」の規模は。	-	指定数量의 倍数が10以上	指定数量の倍数が100以上	指定数量の倍数が1000以上	指定数量の倍数が3000以上	すべての一般取扱所	2	指定数量の倍数が100以上の一般取扱所（等）には、危険物施設保安員の選任が必要です。（政令 第36条）	"K045, K013, K028"
170	法令	給油取扱所の窓や出入口にガラスを用いる場合、網入りガラスとしなければならない理由は。	-	盗難防止のため	遮熱のため	延焼防止（防火設備）のため	防音のため	装飾のため	3	網入りガラスは、火災時にガラスが飛散して火炎が侵入するのを防ぐ「防火設備」としての機能があります。（政令 第17条）	"K155, K158, K199"
171	法令	法令上、製造所等において「火気厳禁」と表示すべき危険物は。	-	第1類（酸化性固体）	第2類（可燃性固体・引火性固体）	第4類（引火性液体）	第6類（酸化性液体）	第2類の引火性固体と第4類と第5類	5	「火気厳禁」の表示が必要なのは、第2類（引火性固体）、第3類（自然発火性物質）、第4類、第5類です。（規則 第18条）	"K092, K121"
172	法令	危険物取扱者免状の再交付申請ができるのは、どのような場合か。	-	写真が古くなったとき	本籍が変わったとき	氏名が変わったとき	免状を汚損・破損・紛失したとき	住所が変わったとき	4	再交付申請ができるのは、免状の亡失、滅失、汚損、破損の場合です。記載事項変更（本籍・氏名・写真）は「書換え」申請です。（令 第35条）	"K043, K034, K097"
173	法令	セルフスタンドにおいて、顧客が自ら給油することを監視・制御する場所を何というか。	-	事務室	休憩室	制御卓（サービスルーム）	ポンプ室	作業場	3	セルフスタンドには、給油状況を監視し、給油許可を出すための「制御卓」を設ける必要があります。（規則 第28条の2の5）	"K008, K036"
174	法令	第4類危険物の運搬容器の材質として、認められていないものは。	-	鋼板	アルミニウム	ガラス	プラスチック	紙（加工なし）	5	運搬容器は堅固で破損しにくいものである必要があり、加工されていない紙袋等は液体の運搬には適しません。（規則 第42条）	"K186, K099"
175	法令	製造所等の所有者が変わった（譲渡された）際、誰が届け出るべきか。	-	譲り渡した者（旧所有者）	譲り受けた者（新所有者）	両者の連名	保安監督者	仲介した不動産業者	2	譲渡引渡の届出は、法文上「承継した者」が届け出るとされています。つまり「譲り受けた者（新所有者）」等が該当します。（法 第11条第6項）	"K178, K070, K183"
176	法令	指定数量以上の危険物を、製造所等以外の場所で一時的に貯蔵または取り扱う「仮貯蔵・仮取扱い」の承認期間は最大何日か。	-	3日以内	7日以内	10日以内	14日以内	30日以内	3	指定数量以上の危険物を一時的に貯蔵・取り扱う「仮貯蔵・仮取扱い」は、消防長等の承認を得れば10日以内に限り認められます。	K203
177	法令	製造所等の使用を止めた（廃止した）際、所有者等が行うべき手続きとして、正しいものはどれか。	-	10日前に許可を受ける	遅滞なく届け出る	30日以内に届け出る	廃止する前に認可を受ける	手続きは不要	2	製造所等を廃止したときは、所有者等は「遅滞なく」市町村長等に届け出なければなりません。	K204
178	法令	特殊引火物である二硫化炭素の貯蔵方法として、法令上定められている方法はどれか。	-	防油堤の中に隔離する	砂の中に埋設する	水中に沈めて貯蔵する	冷蔵設備で冷却する	遮光性の容器で密閉する	3	二硫化炭素は、可燃性蒸気の発生を抑えるため、水槽に入れ水中に沈めて貯蔵する基準があります。	K205
179	法令	法令上、製造所等の「保安距離」を短縮できる条件として、最も適切なものはどれか。	-	自衛消防組織を置く	不燃材料で造った塀を設ける	大型消火器を増設する	周囲に空地を確保する	警報設備を設置する	2	防火上有効な塀（不燃材料など）を設置することで、建物等との保安距離を一定範囲で短縮できる特例があります。	K206
180	法令	完成検査済証を紛失し、再交付を受けた後に旧証を発見した場合、何日以内に返納しなければならないか。	-	直ちに	7日以内	10日以内	14日以内	30日以内	3	免状の再交付と同様、亡失した完成検査済証を発見した場合は、10日以内に返納（提出）する必要があります。	K207
